{
    "debug": true,
    "database": "root:root-mysql-pw@tcp(127.0.0.1:3306)/domeos?loc=Local&parseTime=true",
    "maxIdle": 100,
    "http": {
        "enabled": true,
        "listen": "0.0.0.0:9912"
    },
    "queue": {
        "sms": "/sms",
        "mail": "/mail"
    },
    "redis": {
        "addr": "127.0.0.1:6379",
        "maxIdle": 5,
        "highQueues": ["event:p0","event:p1","event:p2","event:p3","event:p4","event:p5"],
        "lowQueues": ["event:p6"],
        "userSmsQueue": "/queue/user/sms",
        "userMailQueue": "/queue/user/mail"
    },
    "api": {
        "domeos": "http://domeos.example.com"
    }
}
