{
    "debug": true,
    "http": {
        "enabled": true,
        "listen": "0.0.0.0:6060"
    },
    "rpc": {
        "enabled": true,
        "listen": "0.0.0.0:8433"
    },
    "socket": {
        "enabled": true,
        "listen": "0.0.0.0:4444",
        "timeout": 3600
    },
    "judge": {
        "enabled": true,
        "batch": 200,
        "connTimeout": 1000,
        "callTimeout": 5000,
        "maxConns": 32,
        "maxIdle": 32,
        "replicas": 500,
        "cluster": {
            "judge-00" : "0.0.0.0:6080"
        }
    },
    "graph": {
        "enabled": true,
        "batch": 200,
        "connTimeout": 1000,
        "callTimeout": 5000,
        "maxConns": 32,
        "maxIdle": 32,
        "replicas": 500,
        "migrating": false,
        "cluster": {
           "graph-00" : "0.0.0.0:6070"
        },
        "clusterMigrating": { 
           
        }
    },
    "tsdb": {
        "enabled": false,
        "batch": 200,
        "connTimeout": 1000,
        "callTimeout": 5000,
        "maxConns": 32,
        "maxIdle": 32,
        "retry": 3,
        "address": "127.0.0.1:8088"
    }
}
