{
    "debug": true,
    "http": {
        "enabled": true,
        "listen": "0.0.0.0:6090"
    },
    "query":{
        "connectTimeout": 5000,
        "requestTimeout": 30000,
        "queryAddr": "0.0.0.0:9966"
    },
    "config": {
        "enabled": true,
        "dsn": "root:root-mysql-pw@tcp(127.0.0.1:3306)/portal?loc=Local&parseTime=true&wait_timeout=604800",
        "maxIdle": 4
    },
    "collector":{
        "enabled": true,
        "batch": 200,
        "concurrent": 10
    },
    "sender":{
        "enabled": true,
        "connectTimeout": 5000,
        "requestTimeout": 30000,
        "transferAddr": "127.0.0.1:6060",
        "batch": 500,
        "block": {
            "enabled": false,
            "threshold": 32
        }
    }
}
